INSERT INTO users (username,password_hash,role) VALUES ('user','$2a$08$UkVvwpULis18S19S5pZFn.YHPZt3oaqHZnDwqbCW9pft6uFtkXKDC','ROLE_USER');
INSERT INTO users (username,password_hash,role) VALUES ('admin','$2a$08$UkVvwpULis18S19S5pZFn.YHPZt3oaqHZnDwqbCW9pft6uFtkXKDC','ROLE_ADMIN');



insert into animals (animal_id, name, breed, age, bio, animal_type_id) values (1, 'Selene', 'Yaqui', 2, 'Open-architected analyzing model', 1);
insert into animals (animal_id, name, breed, age, bio, animal_type_id) values (2, 'Kathlin', 'Colombian', 2, 'Business-focused systematic service-desk', 1);
insert into animals (animal_id, name, breed, age, bio, animal_type_id) values (3, 'Devonne', 'Panamanian', 11, 'Seamless bottom-line leverage', 1);
insert into animals (animal_id, name, breed, age, bio, animal_type_id) values (4, 'Gradeigh', 'South American', 8, 'Configurable high-level alliance', 1);
insert into animals (animal_id, name, breed, age, bio, animal_type_id) values (5, 'Carmel', 'Guamanian', 8, 'User-centric real-time definition', 1);
insert into animals (animal_id, name, breed, age, bio, animal_type_id) values (6, 'Louisette', 'Asian', 4, 'Innovative maximized function', 1);
insert into animals (animal_id, name, breed, age, bio, animal_type_id) values (7, 'Carry', 'Peruvian', 3, 'Enhanced explicit methodology', 1);
insert into animals (animal_id, name, breed, age, bio, animal_type_id) values (8, 'Emelia', 'Colville', 11, 'Operative regional system engine', 1);
insert into animals (animal_id, name, breed, age, bio, animal_type_id) values (9, 'Corette', 'Argentinian', 1, 'Ergonomic composite task-force', 1);
insert into animals (animal_id, name, breed, age, bio, animal_type_id) values (10, 'Donnajean', 'Chilean', 13, 'Distributed local collaboration', 1);
insert into animals (animal_id, name, breed, age, bio, animal_type_id) values (11, 'Cordey', 'Navajo', 12, 'Monitored background methodology', 1);
insert into animals (animal_id, name, breed, age, bio, animal_type_id) values (12, 'Bard', 'Houma', 10, 'Organic dynamic parallelism', 1);
insert into animals (animal_id, name, breed, age, bio, animal_type_id) values (13, 'Creight', 'Korean', 3, 'Visionary interactive framework', 1);
insert into animals (animal_id, name, breed, age, bio, animal_type_id) values (14, 'Carmelina', 'Delaware', 12, 'Re-engineered tertiary strategy', 1);
insert into animals (animal_id, name, breed, age, bio, animal_type_id) values (15, 'Loren', 'Micronesian', 12, 'Open-source radical complexity', 1);
insert into animals (animal_id, name, breed, age, bio, animal_type_id) values (16, 'Lizbeth', 'Blackfeet', 10, 'Visionary executive local area network', 1);
insert into animals (animal_id, name, breed, age, bio, animal_type_id) values (17, 'Rollins', 'Honduran', 6, 'Robust holistic array', 1);
insert into animals (animal_id, name, breed, age, bio, animal_type_id) values (18, 'Clement', 'Potawatomi', 11, 'Enterprise-wide secondary ability', 1);
insert into animals (animal_id, name, breed, age, bio, animal_type_id) values (19, 'Darill', 'Guatemalan', 7, 'Multi-lateral attitude-oriented service-desk', 1);
insert into animals (animal_id, name, breed, age, bio, animal_type_id) values (20, 'Erhard', 'Taiwanese', 14, 'Ameliorated needs-based emulation', 1);
insert into animals (animal_id, name, breed, age, bio, animal_type_id) values (21, 'Corby', 'South American', 15, 'Cross-group bi-directional conglomeration', 1);
insert into animals (animal_id, name, breed, age, bio, animal_type_id) values (22, 'Herminia', 'Japanese', 1, 'Fully-configurable zero tolerance monitoring', 1);
insert into animals (animal_id, name, breed, age, bio, animal_type_id) values (23, 'Irving', 'Colville', 8, 'Up-sized fresh-thinking functionalities', 1);
insert into animals (animal_id, name, breed, age, bio, animal_type_id) values (24, 'Tracie', 'Navajo', 11, 'Sharable explicit benchmark', 1);
insert into animals (animal_id, name, breed, age, bio, animal_type_id) values (25, 'Welbie', 'Potawatomi', 12, 'Realigned mission-critical interface', 1);

insert into animals (animal_id, name, breed, age, bio, animal_type_id) values (26, 'Igor', 'Honduran', 2, 'Operative 5th generation parallelism', 2);
insert into animals (animal_id, name, breed, age, bio, animal_type_id) values (27, 'Nancie', 'American Indian', 1, 'Synchronised 6th generation middleware', 2);
insert into animals (animal_id, name, breed, age, bio, animal_type_id) values (28, 'Ethan', 'Choctaw', 1, 'De-engineered leading edge instruction set', 2);
insert into animals (animal_id, name, breed, age, bio, animal_type_id) values (29, 'De witt', 'Eskimo', 9, 'Switchable homogeneous paradigm', 2);
insert into animals (animal_id, name, breed, age, bio, animal_type_id) values (30, 'Trumann', 'Shoshone', 14, 'Customizable bandwidth-monitored help-desk', 2);
insert into animals (animal_id, name, breed, age, bio, animal_type_id) values (31, 'Deb', 'Kiowa', 2, 'Managed context-sensitive encoding', 2);
insert into animals (animal_id, name, breed, age, bio, animal_type_id) values (32, 'Buddy', 'Menominee', 6, 'Vision-oriented exuding focus group', 2);
insert into animals (animal_id, name, breed, age, bio, animal_type_id) values (33, 'Caty', 'Puget Sound Salish', 5, 'Fundamental modular secured line', 2);
insert into animals (animal_id, name, breed, age, bio, animal_type_id) values (34, 'Caye', 'Colombian', 9, 'Secured disintermediate budgetary management', 2);
insert into animals (animal_id, name, breed, age, bio, animal_type_id) values (35, 'Blythe', 'American Indian and Alaska Native (AIAN)', 6, 'Intuitive static collaboration', 2);
insert into animals (animal_id, name, breed, age, bio, animal_type_id) values (36, 'Mattie', 'Ecuadorian', 2, 'Mandatory discrete attitude', 2);
insert into animals (animal_id, name, breed, age, bio, animal_type_id) values (37, 'Dareen', 'Cheyenne', 9, 'Distributed actuating Graphic Interface', 2);
insert into animals (animal_id, name, breed, age, bio, animal_type_id) values (38, 'Nev', 'Houma', 15, 'Focused hybrid strategy', 2);
insert into animals (animal_id, name, breed, age, bio, animal_type_id) values (39, 'Shirlene', 'Venezuelan', 5, 'Multi-lateral bifurcated approach', 2);
insert into animals (animal_id, name, breed, age, bio, animal_type_id) values (40, 'Heidi', 'Central American', 7, 'Diverse neutral intranet', 2);

insert into animals (animal_id, name, breed, age, bio, animal_type_id) values (41, 'Biddy', 'Sri Lankan', 11, 'Universal hybrid open system', 3);
insert into animals (animal_id, name, breed, age, bio, animal_type_id) values (42, 'Delmor', 'South American', 12, 'Realigned background local area network', 3);
insert into animals (animal_id, name, breed, age, bio, animal_type_id) values (43, 'Pierce', 'Mexican', 15, 'Robust attitude-oriented interface', 3);
insert into animals (animal_id, name, breed, age, bio, animal_type_id) values (44, 'Caroljean', 'Alaska Native', 10, 'Public-key neutral moratorium', 3);
insert into animals (animal_id, name, breed, age, bio, animal_type_id) values (45, 'Stavros', 'Korean', 8, 'Organized global artificial intelligence', 3);

insert into animals (animal_id, name, breed, age, bio, animal_type_id) values (46, 'Dolores', 'Taiwanese', 6, 'Switchable upward-trending workforce', 4);
insert into animals (animal_id, name, breed, age, bio, animal_type_id) values (47, 'Pryce', 'Ute', 6, 'Streamlined bottom-line encoding', 4);
insert into animals (animal_id, name, breed, age, bio, animal_type_id) values (48, 'Angy', 'Native Hawaiian and Other Pacific Islander (NHPI)', 6, 'Profit-focused explicit protocol', 4);
insert into animals (animal_id, name, breed, age, bio, animal_type_id) values (49, 'Isabelle', 'Cree', 12, 'Advanced didactic internet solution', 4);
insert into animals (animal_id, name, breed, age, bio, animal_type_id) values (50, 'Yvor', 'Tlingit-Haida', 8, 'Switchable solution-oriented Graphical User Interface', 4);

insert into animal_photos (photo_id, animal_id, photo_link) values (1, 1, 'https://i.imgur.com/Yds4Jka.jpg');
insert into animal_photos (photo_id, animal_id, photo_link) values (2, 2, 'https://i.imgur.com/QfzzdII.jpg');
insert into animal_photos (photo_id, animal_id, photo_link) values (3, 3, 'https://i.imgur.com/CaGYWdO.jpg');
insert into animal_photos (photo_id, animal_id, photo_link) values (4, 4, 'https://i.imgur.com/BAtqSRk.jpg');
insert into animal_photos (photo_id, animal_id, photo_link) values (5, 5, 'https://i.imgur.com/xDNtGzS.jpg');
insert into animal_photos (photo_id, animal_id, photo_link) values (6, 6, 'https://i.imgur.com/DlKKD1U.jpg');
insert into animal_photos (photo_id, animal_id, photo_link) values (7, 7, 'https://i.imgur.com/8fdvd5L.jpg');
insert into animal_photos (photo_id, animal_id, photo_link) values (8, 8, 'https://i.imgur.com/aqrEWU0.jpg');
insert into animal_photos (photo_id, animal_id, photo_link) values (9, 9, 'https://i.imgur.com/ZTgvr0j.png');
insert into animal_photos (photo_id, animal_id, photo_link) values (10, 10, 'https://i.imgur.com/qCdHA8W.jpg');
insert into animal_photos (photo_id, animal_id, photo_link) values (11, 11, 'https://i.imgur.com/5NsOQY8.jpg');
insert into animal_photos (photo_id, animal_id, photo_link) values (12, 12, 'https://i.imgur.com/J2feUJB.jpg');
insert into animal_photos (photo_id, animal_id, photo_link) values (13, 13, 'https://i.imgur.com/xUsyV0k.jpg');
insert into animal_photos (photo_id, animal_id, photo_link) values (14, 14, 'https://i.imgur.com/oOQeCJV.jpg');
insert into animal_photos (photo_id, animal_id, photo_link) values (15, 15, 'https://i.imgur.com/L1YDJa7.jpg');
insert into animal_photos (photo_id, animal_id, photo_link) values (16, 16, 'https://i.imgur.com/OBhBxbh.jpg');
insert into animal_photos (photo_id, animal_id, photo_link) values (17, 17, 'https://i.imgur.com/7EAJi2Y.jpg');
insert into animal_photos (photo_id, animal_id, photo_link) values (18, 18, 'https://i.imgur.com/CkmEbfN.jpg');
insert into animal_photos (photo_id, animal_id, photo_link) values (19, 19, 'https://i.imgur.com/tlwinbv.jpg');
insert into animal_photos (photo_id, animal_id, photo_link) values (20, 20, 'https://i.imgur.com/Yds4Jka.jpg');
insert into animal_photos (photo_id, animal_id, photo_link) values (21, 21, 'https://i.imgur.com/QfzzdII.jpg');
insert into animal_photos (photo_id, animal_id, photo_link) values (22, 22, 'https://i.imgur.com/CaGYWdO.jpg');
insert into animal_photos (photo_id, animal_id, photo_link) values (23, 23, 'https://i.imgur.com/BAtqSRk.jpg');
insert into animal_photos (photo_id, animal_id, photo_link) values (24, 24, 'https://i.imgur.com/xDNtGzS.jpg');
insert into animal_photos (photo_id, animal_id, photo_link) values (25, 25, 'https://i.imgur.com/DlKKD1U.jpg');

insert into animal_photos (photo_id, animal_id, photo_link) values (26, 26, 'https://i.imgur.com/IqxPTSq.jpg');
insert into animal_photos (photo_id, animal_id, photo_link) values (27, 27, 'https://i.imgur.com/YtRBXEw.jpg');
insert into animal_photos (photo_id, animal_id, photo_link) values (28, 28, 'https://i.imgur.com/2Hmr2zP.jpg');
insert into animal_photos (photo_id, animal_id, photo_link) values (29, 29, 'https://i.imgur.com/YMfg4yD.jpg');
insert into animal_photos (photo_id, animal_id, photo_link) values (30, 30, 'https://i.imgur.com/p27ofEB.jpg');
insert into animal_photos (photo_id, animal_id, photo_link) values (31, 31, 'https://i.imgur.com/IiUeMag.jpg');
insert into animal_photos (photo_id, animal_id, photo_link) values (32, 32, 'https://i.imgur.com/T4jS1M8.jpg');
insert into animal_photos (photo_id, animal_id, photo_link) values (33, 33, 'https://i.imgur.com/qhapnnj.jpg');
insert into animal_photos (photo_id, animal_id, photo_link) values (34, 34, 'https://i.imgur.com/ygHfGxe.jpg');
insert into animal_photos (photo_id, animal_id, photo_link) values (35, 35, 'https://i.imgur.com/YtRBXEw.jpg');
insert into animal_photos (photo_id, animal_id, photo_link) values (36, 36, 'https://i.imgur.com/2Hmr2zP.jpg');
insert into animal_photos (photo_id, animal_id, photo_link) values (37, 37, 'https://i.imgur.com/YMfg4yD.jpg');
insert into animal_photos (photo_id, animal_id, photo_link) values (38, 38, 'https://i.imgur.com/2pgVqVB.jpg');
insert into animal_photos (photo_id, animal_id, photo_link) values (39, 39, 'https://i.imgur.com/LNPo3wN.jpg');
insert into animal_photos (photo_id, animal_id, photo_link) values (40, 40, 'https://i.imgur.com/T4jS1M8.jpg');

insert into animal_photos (photo_id, animal_id, photo_link) values (41, 41, 'https://i.imgur.com/rDY69GI.jpg');
insert into animal_photos (photo_id, animal_id, photo_link) values (42, 42, 'https://i.imgur.com/5zTCYIY.jpg');
insert into animal_photos (photo_id, animal_id, photo_link) values (43, 43, 'https://i.imgur.com/Y0G46Jl.jpg');
insert into animal_photos (photo_id, animal_id, photo_link) values (44, 44, 'https://i.imgur.com/w6xO1f2.jpg');
insert into animal_photos (photo_id, animal_id, photo_link) values (45, 45, 'https://i.imgur.com/buPqwFf.jpg');

insert into animal_photos (photo_id, animal_id, photo_link) values (46, 46, 'https://i.imgur.com/TcFFHws.jpg');
insert into animal_photos (photo_id, animal_id, photo_link) values (47, 47, 'https://i.imgur.com/5PPoIcW.jpg');
insert into animal_photos (photo_id, animal_id, photo_link) values (48, 48, 'https://i.imgur.com/mtE9IlJ.jpg');
insert into animal_photos (photo_id, animal_id, photo_link) values (49, 49, 'https://i.imgur.com/ICowzcc.jpg');
insert into animal_photos (photo_id, animal_id, photo_link) values (50, 50, 'https://i.imgur.com/w7sWBbu.jpg');

insert into volunteers (full_name, phone_number, email, bio, ref_full_name, ref_phone_number, ref_email) values ('Hillie Mattia', '944-491-0613', 'gmckeighen0@google.com.hk', 'Automated 24/7 encoding', 'Guillaume McKeighen', '328-838-1038', 'gmckeighen0@omniture.com');
insert into volunteers (full_name, phone_number, email, bio, ref_full_name, ref_phone_number, ref_email) values ('Symon Goacher', '562-327-4719', 'cberrow1@imgur.com', 'Public-key real-time service-desk', 'Calypso Berrow', '446-922-2732', 'cberrow1@buzzfeed.com');
insert into volunteers (full_name, phone_number, email, bio, ref_full_name, ref_phone_number, ref_email) values ('Carlin Sjostrom', '871-901-0513', 'dwyburn2@storify.com', 'Integrated value-added alliance', 'Donaugh Wyburn', '516-835-5504', 'dwyburn2@columbia.edu');
insert into volunteers (full_name, phone_number, email, bio, ref_full_name, ref_phone_number, ref_email) values ('Arlen Torrese', '264-858-4249', 'gkropp3@51.la', 'Up-sized human-resource open architecture', 'Gayler Kropp', '619-276-7496', 'gkropp3@blogger.com');
insert into volunteers (full_name, phone_number, email, bio, ref_full_name, ref_phone_number, ref_email) values ('Jesselyn Sibbit', '949-321-4606', 'hmannin4@blog.com', 'Re-contextualized even-keeled open architecture', 'Harley Mannin', '985-602-1481', 'hmannin4@examiner.com');
insert into volunteers (full_name, phone_number, email, bio, ref_full_name, ref_phone_number, ref_email) values ('Bud Eggleson', '186-377-5459', 'atapply5@google.it', 'Grass-roots multi-state framework', 'Anatola Tapply', '291-685-4412', 'atapply5@globo.com');
insert into volunteers (full_name, phone_number, email, bio, ref_full_name, ref_phone_number, ref_email) values ('Joseph Deverell', '742-334-8053', 'ttraher6@flickr.com', 'Organic radical array', 'Tish Traher', '800-884-8810', 'ttraher6@google.com');
insert into volunteers (full_name, phone_number, email, bio, ref_full_name, ref_phone_number, ref_email) values ('Vidovic MacGarrity', '555-994-3657', 'csucre7@pen.io', 'Future-proofed actuating leverage', 'Christen Sucre', '394-926-1703', 'csucre7@soup.io');
insert into volunteers (full_name, phone_number, email, bio, ref_full_name, ref_phone_number, ref_email) values ('Abbey Trodd', '849-973-4014', 'mmccloughlin8@fc2.com', 'Fundamental actuating protocol', 'Maximo McCloughlin', '484-892-0323', 'mmccloughlin8@hubpages.com');
insert into volunteers (full_name, phone_number, email, bio, ref_full_name, ref_phone_number, ref_email) values ('Gerik MacDavitt', '154-996-6170', 'bsenyard9@state.gov', 'Optional hybrid definition', 'Bill Senyard', '244-248-1761', 'bsenyard9@who.int');
insert into volunteers (full_name, phone_number, email, bio, ref_full_name, ref_phone_number, ref_email) values ('Mischa Antoniou', '664-321-1045', 'dtamletta@joomla.org', 'Future-proofed mission-critical model', 'Daveta Tamlett', '328-235-4015', 'dtamletta@meetup.com');
insert into volunteers (full_name, phone_number, email, bio, ref_full_name, ref_phone_number, ref_email) values ('Huntington Thorbon', '151-378-5848', 'gbrownsillb@dyndns.org', 'Re-contextualized clear-thinking secured line', 'Gianna Brownsill', '329-871-4790', 'gbrownsillb@joomla.org');
insert into volunteers (full_name, phone_number, email, bio, ref_full_name, ref_phone_number, ref_email) values ('Kathi Tatem', '693-250-9103', 'dbezzantc@so-net.ne.jp', 'Balanced responsive budgetary management', 'Dalenna Bezzant', '228-908-6623', 'dbezzantc@acquirethisname.com');
insert into volunteers (full_name, phone_number, email, bio, ref_full_name, ref_phone_number, ref_email) values ('Tuck MacDaid', '624-922-7826', 'tboormand@shinystat.com', 'Intuitive heuristic groupware', 'Trumann Boorman', '857-528-3577', 'tboormand@google.com.br');
insert into volunteers (full_name, phone_number, email, bio, ref_full_name, ref_phone_number, ref_email) values ('Ida Hilland', '409-140-1663', 'rstollhofere@wikia.com', 'Pre-emptive disintermediate leverage', 'Raina Stollhofer', '616-631-0640', 'rstollhofere@rakuten.co.jp');
insert into volunteers (full_name, phone_number, email, bio, ref_full_name, ref_phone_number, ref_email) values ('Dede Grimsdith', '699-984-9971', 'afilintsevf@hibu.com', 'Self-enabling encompassing model', 'Aindrea Filintsev', '517-191-5639', 'afilintsevf@harvard.edu');
insert into volunteers (full_name, phone_number, email, bio, ref_full_name, ref_phone_number, ref_email) values ('Shem Vaud', '477-430-0245', 'sberryclothg@example.com', 'Fundamental modular function', 'Starla Berrycloth', '369-854-4954', 'sberryclothg@123-reg.co.uk');
insert into volunteers (full_name, phone_number, email, bio, ref_full_name, ref_phone_number, ref_email) values ('Marylynne Champkins', '213-154-9303', 'dparradyeh@gov.uk', 'Centralized even-keeled concept', 'Danita Parradye', '904-766-8402', 'dparradyeh@moonfruit.com');
insert into volunteers (full_name, phone_number, email, bio, ref_full_name, ref_phone_number, ref_email) values ('Britt Frake', '851-176-8241', 'awesoni@businesswire.com', 'Synchronised grid-enabled conglomeration', 'Adel Weson', '771-644-8067', 'awesoni@altervista.org');
insert into volunteers (full_name, phone_number, email, bio, ref_full_name, ref_phone_number, ref_email) values ('Belicia Redford', '693-467-3013', 'ewadhamj@auda.org.au', 'Cloned context-sensitive flexibility', 'Erick Wadham', '788-907-3353', 'ewadhamj@jiathis.com');
